{
    "base_weight": [
        [
            10.37164306640625,
            -0.8288981318473816,
            2.6604056358337402,
            7.6641364097595215
        ]
    ],
    "base_bias": [
        0.10492962598800659
    ],
    "tau": 0.0,
    "w_req": 0.0031383084133267403,
    "w_opt": 6.70394229888916,
    "alpha": 15.0
}