{
    "base_weight": [
        [
            9.04179573059082,
            -1.3230057954788208,
            3.725759983062744,
            8.504682540893555
        ]
    ],
    "base_bias": [
        0.13301730155944824
    ],
    "tau": 0.0,
    "w_req": 0.03966863825917244,
    "w_opt": 4.812375068664551,
    "alpha": 15.0
}