{
    "base_weight": [
        [
            9.608197212219238,
            -1.2324520349502563,
            4.335672378540039,
            6.589468002319336
        ]
    ],
    "base_bias": [
        -0.1230502724647522
    ],
    "tau": 0.0,
    "w_req": 0.0024873840156942606,
    "w_opt": 6.356393337249756,
    "alpha": 15.0
}