{
    "base_weight": [
        [
            9.792052268981934,
            -0.9410530924797058,
            3.733435869216919,
            7.025330543518066
        ]
    ],
    "base_bias": [
        -0.45905303955078125
    ],
    "tau": 0.0,
    "w_req": 0.0018235453171655536,
    "w_opt": 6.956483364105225,
    "alpha": 15.0
}