{
    "base_weight": [
        [
            10.30864143371582,
            -0.9008122682571411,
            2.9911303520202637,
            7.463729381561279
        ]
    ],
    "base_bias": [
        0.12729281187057495
    ],
    "tau": 0.0,
    "w_req": 0.0025134889874607325,
    "w_opt": 6.196949481964111,
    "alpha": 15.0
}