{
    "base_weight": [
        [
            0.2011873722076416,
            0.007134486921131611,
            0.2348439246416092,
            0.5594792366027832
        ]
    ],
    "base_bias": [
        0.011728346347808838
    ],
    "tau": 1.0,
    "w_req": 0.0682610273361206,
    "w_opt": 0.40185683965682983,
    "alpha": 15.0
}