{
    "base_weight": [
        [
            0.2588749825954437,
            0.02632340043783188,
            0.2259194701910019,
            0.5031394362449646
        ]
    ],
    "base_bias": [
        -0.4938395619392395
    ],
    "tau": 1.0,
    "w_req": 0.03233658894896507,
    "w_opt": 0.2971072793006897,
    "alpha": 15.0
}