{
    "base_weight": [
        [
            0.23350320756435394,
            0.06952597945928574,
            0.16474393010139465,
            0.4947596490383148
        ]
    ],
    "base_bias": [
        0.14401566982269287
    ],
    "tau": 1.0,
    "w_req": 0.05389373376965523,
    "w_opt": 0.532383918762207,
    "alpha": 15.0
}