{
    "base_weight": [
        [
            0.28026703000068665,
            0.17334815859794617,
            0.3007643520832062,
            0.5524462461471558
        ]
    ],
    "base_bias": [
        -0.10955178737640381
    ],
    "tau": 0.0,
    "w_req": 0.11288975924253464,
    "w_opt": 1.5772457122802734,
    "alpha": 15.0
}