{
    "base_weight": [
        [
            0.27343451976776123,
            0.15777629613876343,
            0.2666355073451996,
            0.5537545680999756
        ]
    ],
    "base_bias": [
        0.4154621958732605
    ],
    "tau": 1.0,
    "w_req": 0.014421587809920311,
    "w_opt": 0.5442346334457397,
    "alpha": 15.0
}