{
    "base_weight": [
        [
            3.1733508110046387,
            -0.6419904828071594,
            0.677353024482727,
            3.9884772300720215
        ]
    ],
    "base_bias": [
        -0.4957504868507385
    ],
    "tau": 1.0,
    "w_req": 0.00019083502411376685,
    "w_opt": 0.2038949877023697,
    "alpha": 15.0
}