{
    "base_weight": [
        [
            3.615236520767212,
            -0.7272287011146545,
            0.3246656358242035,
            3.4853150844573975
        ]
    ],
    "base_bias": [
        -0.49765437841415405
    ],
    "tau": 1.0,
    "w_req": 0.00039228357491083443,
    "w_opt": 0.1866060495376587,
    "alpha": 15.0
}