{
    "base_weight": [
        [
            3.666897773742676,
            -0.80687415599823,
            0.6661483645439148,
            3.030282497406006
        ]
    ],
    "base_bias": [
        -0.1529707908630371
    ],
    "tau": 1.0,
    "w_req": 0.00039118825225159526,
    "w_opt": 0.16617432236671448,
    "alpha": 15.0
}