{
    "base_weight": [
        [
            3.194312334060669,
            -0.594646155834198,
            0.7678098082542419,
            3.855346918106079
        ]
    ],
    "base_bias": [
        -0.12364870309829712
    ],
    "tau": 1.0,
    "w_req": 0.006165777333080769,
    "w_opt": 0.3326250910758972,
    "alpha": 15.0
}