{
    "base_weight": [
        [
            3.4097719192504883,
            -0.5195290446281433,
            0.7506495118141174,
            3.3323862552642822
        ]
    ],
    "base_bias": [
        -0.406913697719574
    ],
    "tau": 1.0,
    "w_req": 0.0006211642175912857,
    "w_opt": 0.14646321535110474,
    "alpha": 15.0
}