{
    "base_weight": [
        [
            13.611443519592285,
            -0.01285924669355154,
            8.279580116271973,
            9.40440845489502
        ]
    ],
    "base_bias": [
        0.12729281187057495
    ],
    "tau": 0.48075756430625916,
    "w_req": 0.2308678925037384,
    "w_opt": 0.045080918818712234,
    "alpha": 15.0
}