{
    "base_weight": [
        [
            13.964613914489746,
            0.2866871953010559,
            9.206768989562988,
            9.610897064208984
        ]
    ],
    "base_bias": [
        0.13301730155944824
    ],
    "tau": 0.03689032420516014,
    "w_req": 0.2527391016483307,
    "w_opt": 1.039253830909729,
    "alpha": 15.0
}