{
    "base_weight": [
        [
            13.867030143737793,
            -0.3495398163795471,
            8.732955932617188,
            9.839794158935547
        ]
    ],
    "base_bias": [
        0.10492962598800659
    ],
    "tau": 0.2584238350391388,
    "w_req": 0.24423566460609436,
    "w_opt": 0.7945916652679443,
    "alpha": 15.0
}