{
    "base_weight": [
        [
            13.777242660522461,
            0.09160441905260086,
            9.063211441040039,
            9.156673431396484
        ]
    ],
    "base_bias": [
        -0.45905303955078125
    ],
    "tau": 0.775570809841156,
    "w_req": 0.08460095524787903,
    "w_opt": 0.02039153128862381,
    "alpha": 15.0
}