{
    "base_weight": [
        [
            13.362993240356445,
            -0.42847272753715515,
            9.99428939819336,
            10.092007637023926
        ]
    ],
    "base_bias": [
        -0.1230502724647522
    ],
    "tau": 0.5360556840896606,
    "w_req": 0.199540376663208,
    "w_opt": 2.553985595703125,
    "alpha": 15.0
}