{
    "base_weight": [
        [
            4.3945722579956055,
            2.3227152824401855,
            2.0610575675964355,
            2.5518107414245605
        ]
    ],
    "base_bias": [
        -0.406913697719574
    ],
    "tau": 1.0,
    "w_req": 1.3409918546676636,
    "w_opt": 15.355570793151855,
    "alpha": 15.0
}