{
    "base_weight": [
        [
            4.187485218048096,
            2.3210339546203613,
            2.261554718017578,
            2.386898994445801
        ]
    ],
    "base_bias": [
        -0.12364870309829712
    ],
    "tau": 1.0,
    "w_req": 1.3816205263137817,
    "w_opt": 15.704394340515137,
    "alpha": 15.0
}