{
    "base_weight": [
        [
            4.163086414337158,
            2.1265077590942383,
            1.5529083013534546,
            2.838897466659546
        ]
    ],
    "base_bias": [
        -0.4957504868507385
    ],
    "tau": 1.0,
    "w_req": 1.7355856895446777,
    "w_opt": 18.40294075012207,
    "alpha": 15.0
}