{
    "base_weight": [
        [
            4.460835933685303,
            1.8141883611679077,
            2.20226788520813,
            2.690265655517578
        ]
    ],
    "base_bias": [
        -0.49765437841415405
    ],
    "tau": 1.0,
    "w_req": 1.3492258787155151,
    "w_opt": 19.593599319458008,
    "alpha": 15.0
}