{
    "base_weight": [
        [
            4.143001079559326,
            1.8310211896896362,
            2.1710543632507324,
            2.4309492111206055
        ]
    ],
    "base_bias": [
        -0.1529707908630371
    ],
    "tau": 1.0,
    "w_req": 1.5253170728683472,
    "w_opt": 16.123151779174805,
    "alpha": 15.0
}