{
    "base_weight": [
        [
            27.756441116333008,
            -0.24895353615283966,
            1.5917328596115112,
            29.82611846923828
        ]
    ],
    "base_bias": [
        -0.08849930763244629
    ],
    "tau": 0.1021168977022171,
    "w_req": 0.0006985578220337629,
    "w_opt": 5.327324390411377,
    "alpha": 15.0
}