{
    "base_weight": [
        [
            27.923460006713867,
            -0.8052499294281006,
            0.010010584257543087,
            29.286815643310547
        ]
    ],
    "base_bias": [
        0.28669559955596924
    ],
    "tau": 0.15815213322639465,
    "w_req": 0.026924332603812218,
    "w_opt": 3.6362831592559814,
    "alpha": 15.0
}