{
    "base_weight": [
        [
            27.446308135986328,
            -1.0659949779510498,
            2.7035071849823,
            29.935514450073242
        ]
    ],
    "base_bias": [
        0.10083544254302979
    ],
    "tau": 0.10250265151262283,
    "w_req": 0.0006963493651710451,
    "w_opt": 4.883063793182373,
    "alpha": 15.0
}