{
    "base_weight": [
        [
            27.59622573852539,
            -0.6001235246658325,
            1.475623607635498,
            29.480676651000977
        ]
    ],
    "base_bias": [
        -0.0429387092590332
    ],
    "tau": 0.09824265539646149,
    "w_req": 0.0008657249854877591,
    "w_opt": 4.410220146179199,
    "alpha": 15.0
}