{
    "base_weight": [
        [
            27.375389099121094,
            -0.5438785552978516,
            -2.1573872566223145,
            32.06451416015625
        ]
    ],
    "base_bias": [
        0.4975798726081848
    ],
    "tau": 0.07589052617549896,
    "w_req": 0.001033552922308445,
    "w_opt": 4.720848083496094,
    "alpha": 15.0
}