{
    "base_weight": [
        [
            6.750063896179199,
            -0.5861212611198425,
            -0.4953312873840332,
            4.093572616577148
        ]
    ],
    "base_bias": [
        -0.099232017993927
    ],
    "tau": 0.0,
    "w_req": 0.0012816028902307153,
    "w_opt": 1.1837414503097534,
    "alpha": 15.0
}