{
    "base_weight": [
        [
            6.2248311042785645,
            -0.8599231839179993,
            -0.6366432309150696,
            4.187743663787842
        ]
    ],
    "base_bias": [
        -0.47072017192840576
    ],
    "tau": 0.0,
    "w_req": 0.0021176887676119804,
    "w_opt": 0.3843836486339569,
    "alpha": 15.0
}