{
    "base_weight": [
        [
            6.1626105308532715,
            -1.0476324558258057,
            0.18723204731941223,
            4.33661413192749
        ]
    ],
    "base_bias": [
        0.4554293155670166
    ],
    "tau": 0.0,
    "w_req": 0.0016298569971695542,
    "w_opt": 0.9799899458885193,
    "alpha": 15.0
}