{
    "base_weight": [
        [
            6.097975730895996,
            -0.7540689706802368,
            -0.7787753939628601,
            4.501997470855713
        ]
    ],
    "base_bias": [
        -0.024868786334991455
    ],
    "tau": 0.38499805331230164,
    "w_req": 0.03303619846701622,
    "w_opt": 0.11429082602262497,
    "alpha": 15.0
}