{
    "base_weight": [
        [
            6.480100154876709,
            -0.24669696390628815,
            -1.0728843212127686,
            4.425039291381836
        ]
    ],
    "base_bias": [
        -0.4934699535369873
    ],
    "tau": 0.0,
    "w_req": 0.001335951965302229,
    "w_opt": 0.7413278818130493,
    "alpha": 15.0
}