{
    "base_weight": [
        [
            23.81977081298828,
            -0.37729841470718384,
            5.115963935852051,
            32.02736282348633
        ]
    ],
    "base_bias": [
        -0.26093101501464844
    ],
    "tau": 0.07031837105751038,
    "w_req": 0.0010925681563094258,
    "w_opt": 4.971102714538574,
    "alpha": 15.0
}