{
    "base_weight": [
        [
            23.525941848754883,
            -0.5545824766159058,
            3.482698440551758,
            34.01344299316406
        ]
    ],
    "base_bias": [
        -0.2118498682975769
    ],
    "tau": 0.08426754176616669,
    "w_req": 0.0011600005673244596,
    "w_opt": 4.651030540466309,
    "alpha": 15.0
}