{
    "base_weight": [
        [
            23.790294647216797,
            -0.37553080916404724,
            6.493771076202393,
            31.605480194091797
        ]
    ],
    "base_bias": [
        -0.3024289608001709
    ],
    "tau": 0.09051563590765,
    "w_req": 0.0011018826626241207,
    "w_opt": 5.015162467956543,
    "alpha": 15.0
}