{
    "base_weight": [
        [
            24.305368423461914,
            -0.6204707622528076,
            4.730433464050293,
            30.893218994140625
        ]
    ],
    "base_bias": [
        0.49221038818359375
    ],
    "tau": 0.10232996195554733,
    "w_req": 0.0013382029719650745,
    "w_opt": 4.544515132904053,
    "alpha": 15.0
}