{
    "base_weight": [
        [
            24.564870834350586,
            -0.5528019070625305,
            4.484724521636963,
            31.462158203125
        ]
    ],
    "base_bias": [
        -0.1307373046875
    ],
    "tau": 0.17166198790073395,
    "w_req": 0.02217564918100834,
    "w_opt": 3.353640556335449,
    "alpha": 15.0
}