{
    "base_weight": [
        [
            4.651708602905273,
            -0.7033599615097046,
            1.354399561882019,
            6.087712287902832
        ]
    ],
    "base_bias": [
        -0.1553918719291687
    ],
    "tau": 0.0,
    "w_req": 0.003873200621455908,
    "w_opt": 0.2590515911579132,
    "alpha": 15.0
}