{
    "base_weight": [
        [
            4.707597732543945,
            -0.398680716753006,
            1.3004624843597412,
            6.812167644500732
        ]
    ],
    "base_bias": [
        -0.24772894382476807
    ],
    "tau": 0.0,
    "w_req": 0.004886911250650883,
    "w_opt": 0.14674097299575806,
    "alpha": 15.0
}