{
    "base_weight": [
        [
            4.5441765785217285,
            -0.4815811514854431,
            2.0905442237854004,
            6.052920818328857
        ]
    ],
    "base_bias": [
        0.45761638879776
    ],
    "tau": 0.0,
    "w_req": 0.0030393158085644245,
    "w_opt": 0.8661260008811951,
    "alpha": 15.0
}