{
    "base_weight": [
        [
            4.469315052032471,
            -1.0644689798355103,
            1.5844508409500122,
            6.395331382751465
        ]
    ],
    "base_bias": [
        -0.06331050395965576
    ],
    "tau": 0.0,
    "w_req": 0.004563201684504747,
    "w_opt": 0.3670848309993744,
    "alpha": 15.0
}