{
    "base_weight": [
        [
            4.705722332000732,
            -0.8257912397384644,
            1.6395318508148193,
            6.180728435516357
        ]
    ],
    "base_bias": [
        -0.17919069528579712
    ],
    "tau": 0.0,
    "w_req": 0.46731939911842346,
    "w_opt": 0.4850876033306122,
    "alpha": 15.0
}