{
    "base_weight": [
        [
            21.36019515991211,
            -0.26705417037010193,
            22.91480255126953,
            19.104063034057617
        ]
    ],
    "base_bias": [
        -0.26093101501464844
    ],
    "tau": 0.5876803994178772,
    "w_req": 0.3954141139984131,
    "w_opt": 0.2636135518550873,
    "alpha": 15.0
}