{
    "base_weight": [
        [
            21.23357582092285,
            0.42604246735572815,
            23.547758102416992,
            19.24835205078125
        ]
    ],
    "base_bias": [
        -0.1307373046875
    ],
    "tau": 0.31341245770454407,
    "w_req": 0.20285455882549286,
    "w_opt": 0.6634351015090942,
    "alpha": 15.0
}