{
    "base_weight": [
        [
            21.084367752075195,
            -0.20350006222724915,
            22.6107234954834,
            19.346635818481445
        ]
    ],
    "base_bias": [
        0.49221038818359375
    ],
    "tau": 0.5992957949638367,
    "w_req": 1.3031232357025146,
    "w_opt": 0.17260703444480896,
    "alpha": 15.0
}