{
    "base_weight": [
        [
            20.557538986206055,
            -0.0975608080625534,
            22.643531799316406,
            20.235280990600586
        ]
    ],
    "base_bias": [
        -0.2118498682975769
    ],
    "tau": 0.6332824230194092,
    "w_req": 0.30531948804855347,
    "w_opt": 0.8996174335479736,
    "alpha": 15.0
}