{
    "base_weight": [
        [
            21.162172317504883,
            -0.2962828576564789,
            22.901084899902344,
            19.784154891967773
        ]
    ],
    "base_bias": [
        -0.3024289608001709
    ],
    "tau": 0.3067482113838196,
    "w_req": 0.23565001785755157,
    "w_opt": 1.798853874206543,
    "alpha": 15.0
}