{
    "base_weight": [
        [
            22.141159057617188,
            18.431133270263672,
            19.156421661376953,
            24.225175857543945
        ]
    ],
    "base_bias": [
        -0.26093101501464844
    ],
    "tau": 0.465738445520401,
    "w_req": 3.699277877807617,
    "w_opt": 0.010168851353228092,
    "alpha": 15.0
}