{
    "base_weight": [
        [
            21.843158721923828,
            18.606151580810547,
            17.928226470947266,
            22.342653274536133
        ]
    ],
    "base_bias": [
        0.49221038818359375
    ],
    "tau": 0.45396536588668823,
    "w_req": 3.4939095973968506,
    "w_opt": 0.057386614382267,
    "alpha": 15.0
}