{
    "base_weight": [
        [
            21.487823486328125,
            17.665224075317383,
            17.306835174560547,
            21.491567611694336
        ]
    ],
    "base_bias": [
        -0.3024289608001709
    ],
    "tau": 0.4315428137779236,
    "w_req": 3.367321491241455,
    "w_opt": 0.021900739520788193,
    "alpha": 15.0
}