{
    "base_weight": [
        [
            21.755794525146484,
            18.358741760253906,
            19.056974411010742,
            21.33074378967285
        ]
    ],
    "base_bias": [
        -0.1307373046875
    ],
    "tau": 0.3884716331958771,
    "w_req": 3.475245475769043,
    "w_opt": 0.031100712716579437,
    "alpha": 15.0
}