{
    "base_weight": [
        [
            21.4990291595459,
            18.276552200317383,
            17.970600128173828,
            21.933841705322266
        ]
    ],
    "base_bias": [
        -0.2118498682975769
    ],
    "tau": 0.37694159150123596,
    "w_req": 3.1739509105682373,
    "w_opt": 0.040544524788856506,
    "alpha": 15.0
}