{
    "base_weight": [
        [
            0.5662533044815063,
            -0.11157136410474777,
            0.2460859715938568,
            0.8756550550460815
        ]
    ],
    "base_bias": [
        0.1485060453414917
    ],
    "tau": 0.0,
    "w_req": 0.001803465187549591,
    "w_opt": 0.35704272985458374,
    "alpha": 15.0
}