{
    "base_weight": [
        [
            0.4543553292751312,
            -0.08399809151887894,
            0.17539538443088531,
            0.8852960467338562
        ]
    ],
    "base_bias": [
        0.12556862831115723
    ],
    "tau": 1.0,
    "w_req": 0.07031509280204773,
    "w_opt": 0.08904801309108734,
    "alpha": 15.0
}