{
    "base_weight": [
        [
            0.4503785967826843,
            -0.21123266220092773,
            0.18933698534965515,
            1.0134223699569702
        ]
    ],
    "base_bias": [
        -0.25944453477859497
    ],
    "tau": 1.0,
    "w_req": 0.0025516219902783632,
    "w_opt": 0.1444786936044693,
    "alpha": 15.0
}