{
    "base_weight": [
        [
            0.5560243129730225,
            -0.22966603934764862,
            0.10894438624382019,
            0.7865909337997437
        ]
    ],
    "base_bias": [
        -0.07870715856552124
    ],
    "tau": 1.0,
    "w_req": 0.0039369347505271435,
    "w_opt": 0.09401392191648483,
    "alpha": 15.0
}