{
    "base_weight": [
        [
            0.48406746983528137,
            0.02725343219935894,
            0.15135397017002106,
            0.9960675835609436
        ]
    ],
    "base_bias": [
        0.10051089525222778
    ],
    "tau": 1.0,
    "w_req": 0.00936324242502451,
    "w_opt": 0.1502372771501541,
    "alpha": 15.0
}