{
    "base_weight": [
        [
            24.535783767700195,
            5.472104072570801,
            28.20291519165039,
            17.36627960205078
        ]
    ],
    "base_bias": [
        -0.2118498682975769
    ],
    "tau": 0.5735334753990173,
    "w_req": 8.762167930603027,
    "w_opt": 0.008652559481561184,
    "alpha": 15.0
}