{
    "base_weight": [
        [
            25.34307289123535,
            5.083589553833008,
            26.079919815063477,
            16.23771095275879
        ]
    ],
    "base_bias": [
        -0.26093101501464844
    ],
    "tau": 0.5495390892028809,
    "w_req": 7.841729640960693,
    "w_opt": 0.005469211842864752,
    "alpha": 15.0
}