{
    "base_weight": [
        [
            24.9601993560791,
            6.5137715339660645,
            27.17892837524414,
            16.757802963256836
        ]
    ],
    "base_bias": [
        -0.1307373046875
    ],
    "tau": 0.5987511277198792,
    "w_req": 7.690600395202637,
    "w_opt": 0.00455017015337944,
    "alpha": 15.0
}