{
    "base_weight": [
        [
            24.982425689697266,
            5.130666255950928,
            26.193485260009766,
            16.481470108032227
        ]
    ],
    "base_bias": [
        -0.3024289608001709
    ],
    "tau": 0.6327497363090515,
    "w_req": 7.881475925445557,
    "w_opt": 0.007818363606929779,
    "alpha": 15.0
}