{
    "base_weight": [
        [
            25.653671264648438,
            6.752220153808594,
            26.66229820251465,
            17.651742935180664
        ]
    ],
    "base_bias": [
        0.49221038818359375
    ],
    "tau": 0.6110954880714417,
    "w_req": 8.1664400100708,
    "w_opt": 0.006428647320717573,
    "alpha": 15.0
}