{
    "base_weight": [
        [
            0.5579797029495239,
            0.019357310608029366,
            0.7518577575683594,
            1.106553554534912
        ]
    ],
    "base_bias": [
        -0.25944453477859497
    ],
    "tau": 0.0,
    "w_req": 0.19865579903125763,
    "w_opt": 1.093018651008606,
    "alpha": 15.0
}