{
    "base_weight": [
        [
            0.7519960999488831,
            0.1476103812456131,
            0.7945005297660828,
            0.8704782724380493
        ]
    ],
    "base_bias": [
        0.12556862831115723
    ],
    "tau": 0.0,
    "w_req": 0.2510661780834198,
    "w_opt": 2.7715365886688232,
    "alpha": 15.0
}