{
    "base_weight": [
        [
            0.783719539642334,
            -0.07490456849336624,
            0.7236834764480591,
            0.9028360247612
        ]
    ],
    "base_bias": [
        0.10051089525222778
    ],
    "tau": 0.0,
    "w_req": 0.1544482707977295,
    "w_opt": 3.487835168838501,
    "alpha": 15.0
}