{
    "base_weight": [
        [
            0.7534974217414856,
            0.0026106457225978374,
            0.7391585111618042,
            1.000696063041687
        ]
    ],
    "base_bias": [
        0.1485060453414917
    ],
    "tau": 0.0,
    "w_req": 0.2051698863506317,
    "w_opt": 2.6184141635894775,
    "alpha": 15.0
}