{
    "base_weight": [
        [
            0.6120546460151672,
            0.09275263547897339,
            0.6967702507972717,
            1.108770728111267
        ]
    ],
    "base_bias": [
        -0.07870715856552124
    ],
    "tau": 0.0,
    "w_req": 1.7918356657028198,
    "w_opt": 1.3707436323165894,
    "alpha": 15.0
}