{
    "base_weight": [
        [
            0.1557198315858841,
            0.0980219841003418,
            0.09846175462007523,
            0.4508838951587677
        ]
    ],
    "base_bias": [
        0.14401566982269287
    ],
    "tau": 0.6720981001853943,
    "w_req": 0.14777211844921112,
    "w_opt": 0.001884380355477333,
    "alpha": 15.0
}