{
    "base_weight": [
        [
            0.12929612398147583,
            0.11403582990169525,
            0.09849938750267029,
            0.4475153088569641
        ]
    ],
    "base_bias": [
        0.4154621958732605
    ],
    "tau": 0.0,
    "w_req": 0.018530895933508873,
    "w_opt": 0.002857726067304611,
    "alpha": 15.0
}