{
    "base_weight": [
        [
            0.11133093386888504,
            0.07709235697984695,
            0.06489192694425583,
            0.43000683188438416
        ]
    ],
    "base_bias": [
        -0.4938395619392395
    ],
    "tau": 0.7491060495376587,
    "w_req": 0.03817785531282425,
    "w_opt": 0.0007739556021988392,
    "alpha": 15.0
}