{
    "base_weight": [
        [
            0.10790400952100754,
            0.09612194448709488,
            0.09430164843797684,
            0.4456125795841217
        ]
    ],
    "base_bias": [
        0.011728346347808838
    ],
    "tau": 0.7265087962150574,
    "w_req": 0.040583137422800064,
    "w_opt": 0.0011392039014026523,
    "alpha": 15.0
}