{
    "base_weight": [
        [
            0.2432670295238495,
            0.02962547168135643,
            0.0463600754737854,
            0.38865768909454346
        ]
    ],
    "base_bias": [
        -0.10955178737640381
    ],
    "tau": 0.0,
    "w_req": 0.732561469078064,
    "w_opt": 0.0003701884124893695,
    "alpha": 15.0
}