{
    "base_weight": [
        [
            0.24573293328285217,
            -0.12365303188562393,
            0.08417069911956787,
            0.28370264172554016
        ]
    ],
    "base_bias": [
        0.011728346347808838
    ],
    "tau": 0.0,
    "w_req": 0.6210008859634399,
    "w_opt": 4.9733147621154785,
    "alpha": 15.0
}