{
    "base_weight": [
        [
            0.20098550617694855,
            0.05717594921588898,
            0.08058428019285202,
            0.07975190132856369
        ]
    ],
    "base_bias": [
        -0.10955178737640381
    ],
    "tau": 0.38972604274749756,
    "w_req": 0.33526262640953064,
    "w_opt": 3.870911121368408,
    "alpha": 15.0
}