{
    "base_weight": [
        [
            0.28114834427833557,
            -0.07370923459529877,
            0.021756814792752266,
            0.14599299430847168
        ]
    ],
    "base_bias": [
        0.14401566982269287
    ],
    "tau": 0.0,
    "w_req": 0.6869271993637085,
    "w_opt": 4.708561420440674,
    "alpha": 15.0
}