{
    "base_weight": [
        [
            0.19365443289279938,
            -0.00368633889593184,
            0.1248706579208374,
            0.17079779505729675
        ]
    ],
    "base_bias": [
        -0.4938395619392395
    ],
    "tau": 1.0,
    "w_req": 0.33865875005722046,
    "w_opt": 3.568751096725464,
    "alpha": 15.0
}