{
    "base_weight": [
        [
            0.23509159684181213,
            -0.05916939675807953,
            0.12206574529409409,
            0.1374874860048294
        ]
    ],
    "base_bias": [
        0.4154621958732605
    ],
    "tau": 0.0,
    "w_req": 0.732154130935669,
    "w_opt": 4.80238676071167,
    "alpha": 15.0
}