{
    "base_weight": [
        [
            2.794846534729004,
            0.9937554597854614,
            2.1277382373809814,
            5.448729038238525
        ]
    ],
    "base_bias": [
        -0.24772894382476807
    ],
    "tau": 0.5806444883346558,
    "w_req": 0.3027569055557251,
    "w_opt": 3.335116386413574,
    "alpha": 15.0
}