{
    "base_weight": [
        [
            3.018364191055298,
            1.2595741748809814,
            2.7224197387695312,
            5.543211460113525
        ]
    ],
    "base_bias": [
        -0.17919069528579712
    ],
    "tau": 0.7432919144630432,
    "w_req": 0.24352572858333588,
    "w_opt": 3.4947097301483154,
    "alpha": 15.0
}