{
    "base_weight": [
        [
            2.501230239868164,
            1.1481670141220093,
            1.9805176258087158,
            5.649698257446289
        ]
    ],
    "base_bias": [
        -0.1553918719291687
    ],
    "tau": 0.0809125155210495,
    "w_req": 1.0463736057281494,
    "w_opt": 4.923558712005615,
    "alpha": 15.0
}