{
    "base_weight": [
        [
            2.505181312561035,
            1.4333816766738892,
            2.9285476207733154,
            4.882430553436279
        ]
    ],
    "base_bias": [
        -0.06331050395965576
    ],
    "tau": 0.6444845795631409,
    "w_req": 0.29925429821014404,
    "w_opt": 3.425609827041626,
    "alpha": 15.0
}