{
    "base_weight": [
        [
            2.931166172027588,
            1.3545870780944824,
            2.986069917678833,
            5.456427574157715
        ]
    ],
    "base_bias": [
        0.45761638879776
    ],
    "tau": 0.9847419261932373,
    "w_req": 0.32254263758659363,
    "w_opt": 3.360585927963257,
    "alpha": 15.0
}