{
    "base_weight": [
        [
            10.38614273071289,
            -1.212053656578064,
            -0.7298648357391357,
            11.442138671875
        ]
    ],
    "base_bias": [
        -0.2364162802696228
    ],
    "tau": 0.0,
    "w_req": 0.05428703501820564,
    "w_opt": 4.778862953186035,
    "alpha": 15.0
}