{
    "base_weight": [
        [
            11.071818351745605,
            -1.1671531200408936,
            -0.9897304177284241,
            10.63579273223877
        ]
    ],
    "base_bias": [
        0.07299572229385376
    ],
    "tau": 0.0,
    "w_req": 0.002502650488168001,
    "w_opt": 6.367427825927734,
    "alpha": 15.0
}