{
    "base_weight": [
        [
            11.03381061553955,
            -1.0751640796661377,
            -0.19395041465759277,
            10.845602989196777
        ]
    ],
    "base_bias": [
        0.39098870754241943
    ],
    "tau": 0.0,
    "w_req": 0.0022055308800190687,
    "w_opt": 6.586966037750244,
    "alpha": 15.0
}