{
    "base_weight": [
        [
            10.8443021774292,
            -0.9170542359352112,
            -1.6834405660629272,
            11.460001945495605
        ]
    ],
    "base_bias": [
        -0.09740936756134033
    ],
    "tau": 0.0,
    "w_req": 0.004079704638570547,
    "w_opt": 7.051157474517822,
    "alpha": 15.0
}