{
    "base_weight": [
        [
            10.833962440490723,
            -0.8851089477539062,
            -1.7134993076324463,
            10.596304893493652
        ]
    ],
    "base_bias": [
        -0.10923385620117188
    ],
    "tau": 0.0,
    "w_req": 0.0021956823766231537,
    "w_opt": 6.372141361236572,
    "alpha": 15.0
}