{
    "base_weight": [
        [
            10.513364791870117,
            4.112269878387451,
            0.7414219975471497,
            -3.087893486022949
        ]
    ],
    "base_bias": [
        0.4554293155670166
    ],
    "tau": 0.0,
    "w_req": 8.256058692932129,
    "w_opt": 0.040207408368587494,
    "alpha": 15.0
}