{
    "base_weight": [
        [
            10.671136856079102,
            4.456494331359863,
            0.46042126417160034,
            -2.935411214828491
        ]
    ],
    "base_bias": [
        -0.47072017192840576
    ],
    "tau": 0.0,
    "w_req": 9.635964393615723,
    "w_opt": 0.03766029700636864,
    "alpha": 15.0
}