{
    "base_weight": [
        [
            10.468445777893066,
            4.441676616668701,
            1.4513744115829468,
            -3.596674919128418
        ]
    ],
    "base_bias": [
        -0.024868786334991455
    ],
    "tau": 0.0,
    "w_req": 8.029123306274414,
    "w_opt": 0.01636919379234314,
    "alpha": 15.0
}