{
    "base_weight": [
        [
            10.273507118225098,
            3.2926175594329834,
            1.066733479499817,
            -3.2127840518951416
        ]
    ],
    "base_bias": [
        -0.099232017993927
    ],
    "tau": 0.0,
    "w_req": 8.382414817810059,
    "w_opt": 0.0216296948492527,
    "alpha": 15.0
}