{
    "base_weight": [
        [
            10.367639541625977,
            4.516504287719727,
            1.4875797033309937,
            -3.88492488861084
        ]
    ],
    "base_bias": [
        -0.4934699535369873
    ],
    "tau": 0.0,
    "w_req": 8.307138442993164,
    "w_opt": 7.698934078216553,
    "alpha": 15.0
}