{
    "base_weight": [
        [
            1.012920618057251,
            0.87864750623703,
            0.19003908336162567,
            0.7239338755607605
        ]
    ],
    "base_bias": [
        0.1485060453414917
    ],
    "tau": 1.0,
    "w_req": 1.121215581893921,
    "w_opt": 0.01893528364598751,
    "alpha": 15.0
}