{
    "base_weight": [
        [
            0.9411756992340088,
            0.9525592923164368,
            -0.017974359914660454,
            0.4386079013347626
        ]
    ],
    "base_bias": [
        0.12556862831115723
    ],
    "tau": 1.0,
    "w_req": 1.2420731782913208,
    "w_opt": 0.0035267199855297804,
    "alpha": 15.0
}