{
    "base_weight": [
        [
            1.1121270656585693,
            0.7730613946914673,
            -0.021437298506498337,
            0.2961902320384979
        ]
    ],
    "base_bias": [
        0.10051089525222778
    ],
    "tau": 1.0,
    "w_req": 1.5041974782943726,
    "w_opt": 0.008133986964821815,
    "alpha": 15.0
}