{
    "base_weight": [
        [
            0.8759270310401917,
            0.9208213686943054,
            -0.09830670058727264,
            0.5941494703292847
        ]
    ],
    "base_bias": [
        -0.07870715856552124
    ],
    "tau": 1.0,
    "w_req": 1.2700413465499878,
    "w_opt": 0.009822381660342216,
    "alpha": 15.0
}