{
    "base_weight": [
        [
            0.9743717312812805,
            0.957485556602478,
            0.1220010295510292,
            0.3619065582752228
        ]
    ],
    "base_bias": [
        -0.25944453477859497
    ],
    "tau": 1.0,
    "w_req": 1.2346303462982178,
    "w_opt": 6.751010894775391,
    "alpha": 15.0
}