{
    "base_weight": [
        [
            9.375691413879395,
            8.965967178344727,
            7.7654032707214355,
            8.080331802368164
        ]
    ],
    "base_bias": [
        -0.26093101501464844
    ],
    "tau": 0.7901104092597961,
    "w_req": 0.6463969945907593,
    "w_opt": 4.518360137939453,
    "alpha": 15.0
}