{
    "base_weight": [
        [
            8.900940895080566,
            9.268536567687988,
            8.258077621459961,
            8.440115928649902
        ]
    ],
    "base_bias": [
        -0.3024289608001709
    ],
    "tau": 0.8118382692337036,
    "w_req": 0.6448441743850708,
    "w_opt": 4.6144585609436035,
    "alpha": 15.0
}