{
    "base_weight": [
        [
            9.26334285736084,
            8.657212257385254,
            7.646324157714844,
            7.112168312072754
        ]
    ],
    "base_bias": [
        0.49221038818359375
    ],
    "tau": 0.7125497460365295,
    "w_req": 3.002376079559326,
    "w_opt": 6.310478210449219,
    "alpha": 15.0
}