{
    "base_weight": [
        [
            9.582344055175781,
            9.112472534179688,
            8.470383644104004,
            7.802358627319336
        ]
    ],
    "base_bias": [
        -0.1307373046875
    ],
    "tau": 0.7758191227912903,
    "w_req": 0.6006967425346375,
    "w_opt": 4.596459865570068,
    "alpha": 15.0
}