{
    "base_weight": [
        [
            8.501065254211426,
            9.48380184173584,
            7.89441442489624,
            8.888531684875488
        ]
    ],
    "base_bias": [
        -0.2118498682975769
    ],
    "tau": 0.8013440370559692,
    "w_req": 0.6822854280471802,
    "w_opt": 4.475347518920898,
    "alpha": 15.0
}