{
    "base_weight": [
        [
            11.95032024383545,
            -0.3784761130809784,
            9.05222225189209,
            9.916096687316895
        ]
    ],
    "base_bias": [
        -0.10923385620117188
    ],
    "tau": 0.6168757677078247,
    "w_req": 0.10408578813076019,
    "w_opt": 0.09068411588668823,
    "alpha": 15.0
}