{
    "base_weight": [
        [
            11.871386528015137,
            -0.9331260323524475,
            9.661561965942383,
            10.725687980651855
        ]
    ],
    "base_bias": [
        0.07299572229385376
    ],
    "tau": 0.35562703013420105,
    "w_req": 0.15992440283298492,
    "w_opt": 3.4243481159210205,
    "alpha": 15.0
}