{
    "base_weight": [
        [
            11.593413352966309,
            -0.5140538811683655,
            9.653145790100098,
            10.504491806030273
        ]
    ],
    "base_bias": [
        -0.09740936756134033
    ],
    "tau": 0.70029616355896,
    "w_req": 0.0374893955886364,
    "w_opt": 0.16230395436286926,
    "alpha": 15.0
}