{
    "base_weight": [
        [
            12.124399185180664,
            -0.08027838170528412,
            10.154956817626953,
            10.131477355957031
        ]
    ],
    "base_bias": [
        -0.2364162802696228
    ],
    "tau": 0.6071735620498657,
    "w_req": 0.036484748125076294,
    "w_opt": 0.0890306904911995,
    "alpha": 15.0
}