{
    "base_weight": [
        [
            12.001418113708496,
            -0.960598886013031,
            9.92492389678955,
            10.337499618530273
        ]
    ],
    "base_bias": [
        0.39098870754241943
    ],
    "tau": 0.671326756477356,
    "w_req": 0.04732798412442207,
    "w_opt": 0.09458161890506744,
    "alpha": 15.0
}