{
    "base_weight": [
        [
            6.766164779663086,
            6.872828483581543,
            4.510818004608154,
            10.258992195129395
        ]
    ],
    "base_bias": [
        0.10492962598800659
    ],
    "tau": 0.5200395584106445,
    "w_req": 0.6516065001487732,
    "w_opt": 1.0110359191894531,
    "alpha": 15.0
}