{
    "base_weight": [
        [
            6.172422885894775,
            7.143581867218018,
            5.261221408843994,
            10.379322052001953
        ]
    ],
    "base_bias": [
        0.12729281187057495
    ],
    "tau": 0.5932074785232544,
    "w_req": 0.3811837136745453,
    "w_opt": 0.017602968961000443,
    "alpha": 15.0
}