{
    "base_weight": [
        [
            8.11635684967041,
            6.417116165161133,
            4.715483665466309,
            7.8867950439453125
        ]
    ],
    "base_bias": [
        -0.1230502724647522
    ],
    "tau": 0.6300813555717468,
    "w_req": 0.8187441229820251,
    "w_opt": 0.013194389641284943,
    "alpha": 15.0
}