{
    "base_weight": [
        [
            7.017925262451172,
            6.468682765960693,
            5.600896835327148,
            9.301156997680664
        ]
    ],
    "base_bias": [
        -0.45905303955078125
    ],
    "tau": 0.7023831009864807,
    "w_req": 0.6795856952667236,
    "w_opt": 0.0180651918053627,
    "alpha": 15.0
}