{
    "base_weight": [
        [
            6.476768493652344,
            7.142984390258789,
            5.382254123687744,
            9.38442611694336
        ]
    ],
    "base_bias": [
        0.13301730155944824
    ],
    "tau": 0.6658267974853516,
    "w_req": 0.5940597653388977,
    "w_opt": 0.010475930757820606,
    "alpha": 15.0
}