{
    "base_weight": [
        [
            17.877548217773438,
            6.116842746734619,
            34.69498062133789,
            5.966458320617676
        ]
    ],
    "base_bias": [
        0.4975798726081848
    ],
    "tau": 0.5962299108505249,
    "w_req": 9.790239334106445,
    "w_opt": 0.03229459002614021,
    "alpha": 15.0
}