{
    "base_weight": [
        [
            19.134933471679688,
            5.497444152832031,
            33.190799713134766,
            4.524658679962158
        ]
    ],
    "base_bias": [
        0.10083544254302979
    ],
    "tau": 0.6412351131439209,
    "w_req": 9.725088119506836,
    "w_opt": 0.02565012313425541,
    "alpha": 15.0
}