{
    "base_weight": [
        [
            18.786439895629883,
            5.480787754058838,
            32.71781539916992,
            3.9860198497772217
        ]
    ],
    "base_bias": [
        -0.08849930763244629
    ],
    "tau": 0.6183658838272095,
    "w_req": 9.833392143249512,
    "w_opt": 0.0067880707792937756,
    "alpha": 15.0
}