{
    "base_weight": [
        [
            17.773395538330078,
            6.665276050567627,
            33.47365951538086,
            4.843812942504883
        ]
    ],
    "base_bias": [
        0.28669559955596924
    ],
    "tau": 0.67396479845047,
    "w_req": 9.957803726196289,
    "w_opt": 0.006609167438000441,
    "alpha": 15.0
}