{
    "base_weight": [
        [
            18.860668182373047,
            6.655899524688721,
            32.503631591796875,
            5.652142524719238
        ]
    ],
    "base_bias": [
        -0.0429387092590332
    ],
    "tau": 0.6489329934120178,
    "w_req": 9.913192749023438,
    "w_opt": 0.0152401402592659,
    "alpha": 15.0
}