{
    "base_weight": [
        [
            9.394118309020996,
            8.643959999084473,
            8.70039176940918,
            8.125956535339355
        ]
    ],
    "base_bias": [
        -0.0429387092590332
    ],
    "tau": 0.6398786902427673,
    "w_req": 2.651337146759033,
    "w_opt": 6.150122165679932,
    "alpha": 15.0
}