{
    "base_weight": [
        [
            9.80833911895752,
            9.612421035766602,
            8.488880157470703,
            9.280755996704102
        ]
    ],
    "base_bias": [
        -0.08849930763244629
    ],
    "tau": 0.8647021651268005,
    "w_req": 0.6234676837921143,
    "w_opt": 4.516081809997559,
    "alpha": 15.0
}