{
    "base_weight": [
        [
            9.472214698791504,
            8.874326705932617,
            8.822185516357422,
            9.61734676361084
        ]
    ],
    "base_bias": [
        0.4975798726081848
    ],
    "tau": 0.8018643260002136,
    "w_req": 0.6016277074813843,
    "w_opt": 4.474116325378418,
    "alpha": 15.0
}