{
    "base_weight": [
        [
            9.68055248260498,
            9.052056312561035,
            9.402256965637207,
            9.204595565795898
        ]
    ],
    "base_bias": [
        0.28669559955596924
    ],
    "tau": 0.8219107985496521,
    "w_req": 0.5295169353485107,
    "w_opt": 4.525003910064697,
    "alpha": 15.0
}