{
    "base_weight": [
        [
            10.043357849121094,
            9.328676223754883,
            9.164831161499023,
            8.883219718933105
        ]
    ],
    "base_bias": [
        0.10083544254302979
    ],
    "tau": 0.8241277933120728,
    "w_req": 0.6170303225517273,
    "w_opt": 4.642577648162842,
    "alpha": 15.0
}