{
    "base_weight": [
        [
            10.400508880615234,
            2.6212103366851807,
            6.84162712097168,
            6.281047344207764
        ]
    ],
    "base_bias": [
        0.07299572229385376
    ],
    "tau": 0.0,
    "w_req": 1.2049152851104736,
    "w_opt": 0.06464889645576477,
    "alpha": 15.0
}