{
    "base_weight": [
        [
            10.697515487670898,
            3.61480712890625,
            6.915803909301758,
            5.995585918426514
        ]
    ],
    "base_bias": [
        -0.2364162802696228
    ],
    "tau": 0.0,
    "w_req": 1.134323000907898,
    "w_opt": 0.0333624929189682,
    "alpha": 15.0
}