{
    "base_weight": [
        [
            10.324435234069824,
            3.662442207336426,
            7.426466941833496,
            6.334283828735352
        ]
    ],
    "base_bias": [
        -0.10923385620117188
    ],
    "tau": 0.0,
    "w_req": 1.3382205963134766,
    "w_opt": 0.05022042989730835,
    "alpha": 15.0
}