{
    "base_weight": [
        [
            10.40117073059082,
            3.5524120330810547,
            7.1573004722595215,
            6.558424949645996
        ]
    ],
    "base_bias": [
        -0.09740936756134033
    ],
    "tau": 0.0,
    "w_req": 1.1075358390808105,
    "w_opt": 0.06033302843570709,
    "alpha": 15.0
}