{
    "base_weight": [
        [
            11.282853126525879,
            3.835493326187134,
            8.737069129943848,
            9.282939910888672
        ]
    ],
    "base_bias": [
        -0.10955178737640381
    ],
    "tau": 0.0,
    "w_req": 0.497943639755249,
    "w_opt": 0.0045335195027291775,
    "alpha": 15.0
}