{
    "base_weight": [
        [
            0.37894871830940247,
            0.23107777535915375,
            0.2951156795024872,
            0.07226790487766266
        ]
    ],
    "base_bias": [
        -0.10955178737640381
    ],
    "tau": 0.0,
    "w_req": 1.7318501472473145,
    "w_opt": 9.09467601776123,
    "alpha": 15.0
}