{
    "base_weight": [
        [
            0.22120022773742676,
            0.2775494456291199,
            0.2689312696456909,
            0.011494155041873455
        ]
    ],
    "base_bias": [
        -0.4938395619392395
    ],
    "tau": 0.0,
    "w_req": 1.7681629657745361,
    "w_opt": 9.849242210388184,
    "alpha": 15.0
}