{
    "base_weight": [
        [
            0.19537396728992462,
            0.23673470318317413,
            0.13442175090312958,
            -0.038825925439596176
        ]
    ],
    "base_bias": [
        0.011728346347808838
    ],
    "tau": 0.49275168776512146,
    "w_req": 0.8706565499305725,
    "w_opt": 5.847438812255859,
    "alpha": 15.0
}