{
    "base_weight": [
        [
            0.2538663148880005,
            0.2724530100822449,
            0.16851527988910675,
            0.012531714513897896
        ]
    ],
    "base_bias": [
        0.14401566982269287
    ],
    "tau": 0.7041187882423401,
    "w_req": 0.6635292172431946,
    "w_opt": 5.895837783813477,
    "alpha": 15.0
}