{
    "base_weight": [
        [
            0.26598483324050903,
            0.28526318073272705,
            0.2360086292028427,
            0.024919843301177025
        ]
    ],
    "base_bias": [
        0.4154621958732605
    ],
    "tau": 0.6849411129951477,
    "w_req": 0.8291101455688477,
    "w_opt": 5.754849910736084,
    "alpha": 15.0
}