{
    "base_weight": [
        [
            3.2681868076324463,
            5.358834266662598,
            2.6920578479766846,
            6.169023036956787
        ]
    ],
    "base_bias": [
        -0.24772894382476807
    ],
    "tau": 0.0,
    "w_req": 0.8608201742172241,
    "w_opt": 10.516100883483887,
    "alpha": 15.0
}