{
    "base_weight": [
        [
            3.4092161655426025,
            5.189060211181641,
            3.566720962524414,
            5.740488529205322
        ]
    ],
    "base_bias": [
        0.45761638879776
    ],
    "tau": 0.0,
    "w_req": 0.37683477997779846,
    "w_opt": 0.05419636890292168,
    "alpha": 15.0
}