{
    "base_weight": [
        [
            3.014655828475952,
            5.431915760040283,
            3.855480670928955,
            6.539870262145996
        ]
    ],
    "base_bias": [
        -0.1553918719291687
    ],
    "tau": 0.0,
    "w_req": 0.19064567983150482,
    "w_opt": 0.10552748292684555,
    "alpha": 15.0
}