{
    "base_weight": [
        [
            2.5549049377441406,
            5.593481063842773,
            3.6861023902893066,
            6.3773956298828125
        ]
    ],
    "base_bias": [
        -0.17919069528579712
    ],
    "tau": 0.0,
    "w_req": 0.12377271801233292,
    "w_opt": 0.04633326083421707,
    "alpha": 15.0
}