{
    "base_weight": [
        [
            2.9623055458068848,
            4.61569881439209,
            3.327298164367676,
            5.715816974639893
        ]
    ],
    "base_bias": [
        -0.06331050395965576
    ],
    "tau": 0.0,
    "w_req": 0.23182787001132965,
    "w_opt": 0.03282857686281204,
    "alpha": 15.0
}