{
    "base_weight": [
        [
            3.06648588180542,
            -0.3358123302459717,
            4.205852031707764,
            3.7602107524871826
        ]
    ],
    "base_bias": [
        -0.4957504868507385
    ],
    "tau": 1.0,
    "w_req": 0.11718994379043579,
    "w_opt": 1.6221035718917847,
    "alpha": 15.0
}