{
    "base_weight": [
        [
            3.717439889907837,
            -0.41277360916137695,
            3.8315234184265137,
            3.4059441089630127
        ]
    ],
    "base_bias": [
        -0.1529707908630371
    ],
    "tau": 1.0,
    "w_req": 0.1214100569486618,
    "w_opt": 1.6550555229187012,
    "alpha": 15.0
}