{
    "base_weight": [
        [
            3.4587759971618652,
            -0.1860930621623993,
            3.5019352436065674,
            3.208352565765381
        ]
    ],
    "base_bias": [
        -0.406913697719574
    ],
    "tau": 1.0,
    "w_req": 0.7055058479309082,
    "w_opt": 1.4701738357543945,
    "alpha": 15.0
}