{
    "base_weight": [
        [
            3.7026169300079346,
            -0.0944555401802063,
            4.091084957122803,
            3.7328357696533203
        ]
    ],
    "base_bias": [
        -0.49765437841415405
    ],
    "tau": 0.16771841049194336,
    "w_req": 0.02657492645084858,
    "w_opt": 1.5440231561660767,
    "alpha": 15.0
}