{
    "base_weight": [
        [
            3.386537790298462,
            0.04670359939336777,
            4.205470561981201,
            3.4834816455841064
        ]
    ],
    "base_bias": [
        -0.12364870309829712
    ],
    "tau": 0.0,
    "w_req": 0.1058279350399971,
    "w_opt": 0.1571127474308014,
    "alpha": 15.0
}