{
    "base_weight": [
        [
            4.110522270202637,
            0.20973056554794312,
            5.276581287384033,
            7.392698287963867
        ]
    ],
    "base_bias": [
        -0.17919069528579712
    ],
    "tau": 0.0,
    "w_req": 0.288019597530365,
    "w_opt": 5.672019004821777,
    "alpha": 15.0
}