{
    "base_weight": [
        [
            4.356094837188721,
            -0.3249465227127075,
            5.779478073120117,
            7.835992336273193
        ]
    ],
    "base_bias": [
        -0.06331050395965576
    ],
    "tau": 0.0,
    "w_req": 0.5409939289093018,
    "w_opt": 1.7053735256195068,
    "alpha": 15.0
}