{
    "base_weight": [
        [
            4.0398478507995605,
            -0.1013738289475441,
            5.658139228820801,
            8.14903450012207
        ]
    ],
    "base_bias": [
        -0.24772894382476807
    ],
    "tau": 0.0,
    "w_req": 1.1715333461761475,
    "w_opt": 2.952760934829712,
    "alpha": 15.0
}