{
    "base_weight": [
        [
            4.27714729309082,
            -0.1409815549850464,
            6.334250450134277,
            7.3366594314575195
        ]
    ],
    "base_bias": [
        0.45761638879776
    ],
    "tau": 0.43751242756843567,
    "w_req": 0.11997847259044647,
    "w_opt": 0.044668614864349365,
    "alpha": 15.0
}