{
    "base_weight": [
        [
            3.7433855533599854,
            0.05807771161198616,
            5.836699485778809,
            6.976890563964844
        ]
    ],
    "base_bias": [
        -0.1553918719291687
    ],
    "tau": 0.0,
    "w_req": 0.23589791357517242,
    "w_opt": 0.141184464097023,
    "alpha": 15.0
}