{
    "base_weight": [
        [
            22.08425521850586,
            0.32949796319007874,
            24.481237411499023,
            19.77812957763672
        ]
    ],
    "base_bias": [
        -0.0429387092590332
    ],
    "tau": 0.660634458065033,
    "w_req": 1.471934199333191,
    "w_opt": 0.25433453917503357,
    "alpha": 15.0
}