{
    "base_weight": [
        [
            22.92770004272461,
            -0.10571589320898056,
            24.837867736816406,
            20.443452835083008
        ]
    ],
    "base_bias": [
        0.10083544254302979
    ],
    "tau": 0.6154509782791138,
    "w_req": 0.2749772369861603,
    "w_opt": 2.4542922973632812,
    "alpha": 15.0
}