{
    "base_weight": [
        [
            22.139657974243164,
            -0.06489376723766327,
            24.705944061279297,
            20.394893646240234
        ]
    ],
    "base_bias": [
        0.4975798726081848
    ],
    "tau": 0.29898932576179504,
    "w_req": 0.20224334299564362,
    "w_opt": 0.7938279509544373,
    "alpha": 15.0
}