{
    "base_weight": [
        [
            22.322343826293945,
            -0.37540969252586365,
            24.380619049072266,
            20.04265022277832
        ]
    ],
    "base_bias": [
        -0.08849930763244629
    ],
    "tau": 0.324019193649292,
    "w_req": 0.31428974866867065,
    "w_opt": 0.07355637848377228,
    "alpha": 15.0
}