{
    "base_weight": [
        [
            22.52962303161621,
            0.09606634080410004,
            25.098434448242188,
            19.968847274780273
        ]
    ],
    "base_bias": [
        0.28669559955596924
    ],
    "tau": 0.20489291846752167,
    "w_req": 0.26070302724838257,
    "w_opt": 0.4651811718940735,
    "alpha": 15.0
}