{
    "base_weight": [
        [
            23.954944610595703,
            19.60063362121582,
            21.75238037109375,
            24.75225830078125
        ]
    ],
    "base_bias": [
        -0.08849930763244629
    ],
    "tau": 0.2575846314430237,
    "w_req": 3.7847135066986084,
    "w_opt": 0.01934419944882393,
    "alpha": 15.0
}