{
    "base_weight": [
        [
            23.172157287597656,
            19.711698532104492,
            21.253150939941406,
            22.390302658081055
        ]
    ],
    "base_bias": [
        -0.0429387092590332
    ],
    "tau": 0.4419223964214325,
    "w_req": 3.3416879177093506,
    "w_opt": 0.03093489073216915,
    "alpha": 15.0
}