{
    "base_weight": [
        [
            23.051057815551758,
            19.23167610168457,
            22.285053253173828,
            21.875255584716797
        ]
    ],
    "base_bias": [
        0.28669559955596924
    ],
    "tau": 0.37453657388687134,
    "w_req": 3.561692714691162,
    "w_opt": 0.04967561736702919,
    "alpha": 15.0
}