{
    "base_weight": [
        [
            23.121173858642578,
            18.371625900268555,
            21.5904598236084,
            22.753698348999023
        ]
    ],
    "base_bias": [
        0.4975798726081848
    ],
    "tau": 0.33808526396751404,
    "w_req": 3.165327310562134,
    "w_opt": 0.057796869426965714,
    "alpha": 15.0
}