{
    "base_weight": [
        [
            23.374004364013672,
            18.970394134521484,
            20.8875732421875,
            22.002531051635742
        ]
    ],
    "base_bias": [
        0.10083544254302979
    ],
    "tau": 0.39737462997436523,
    "w_req": 2.9952895641326904,
    "w_opt": 0.03515026345849037,
    "alpha": 15.0
}