{
    "base_weight": [
        [
            2.895077705383301,
            1.8212683200836182,
            -2.4299726486206055,
            2.306900978088379
        ]
    ],
    "base_bias": [
        -0.406913697719574
    ],
    "tau": 1.0,
    "w_req": 0.9540882110595703,
    "w_opt": 8.32052993774414,
    "alpha": 15.0
}