{
    "base_weight": [
        [
            2.3900883197784424,
            2.5525386333465576,
            -2.7161693572998047,
            3.539588451385498
        ]
    ],
    "base_bias": [
        -0.4957504868507385
    ],
    "tau": 1.0,
    "w_req": 0.5072389841079712,
    "w_opt": 7.56473970413208,
    "alpha": 15.0
}