{
    "base_weight": [
        [
            2.7549846172332764,
            1.916118860244751,
            -2.2652599811553955,
            2.4818954467773438
        ]
    ],
    "base_bias": [
        -0.1529707908630371
    ],
    "tau": 1.0,
    "w_req": 0.4621349573135376,
    "w_opt": 7.7313008308410645,
    "alpha": 15.0
}