{
    "base_weight": [
        [
            2.5050134658813477,
            2.310957193374634,
            -1.3843525648117065,
            1.9964444637298584
        ]
    ],
    "base_bias": [
        -0.12364870309829712
    ],
    "tau": 1.0,
    "w_req": 0.4232037365436554,
    "w_opt": 7.541142463684082,
    "alpha": 15.0
}