{
    "base_weight": [
        [
            2.6210522651672363,
            2.0046472549438477,
            -1.7575215101242065,
            2.4528753757476807
        ]
    ],
    "base_bias": [
        -0.49765437841415405
    ],
    "tau": 1.0,
    "w_req": 0.39645564556121826,
    "w_opt": 7.438901901245117,
    "alpha": 15.0
}