{
    "base_weight": [
        [
            5.6337890625,
            5.458358287811279,
            -1.410848617553711,
            1.4005968570709229
        ]
    ],
    "base_bias": [
        -0.2364162802696228
    ],
    "tau": 0.5764176845550537,
    "w_req": 0.5278099179267883,
    "w_opt": 4.417158126831055,
    "alpha": 15.0
}