{
    "base_weight": [
        [
            5.5551838874816895,
            4.9671759605407715,
            -3.128602981567383,
            1.1105985641479492
        ]
    ],
    "base_bias": [
        -0.10923385620117188
    ],
    "tau": 0.4931417405605316,
    "w_req": 1.136159896850586,
    "w_opt": 4.977391719818115,
    "alpha": 15.0
}