{
    "base_weight": [
        [
            6.052427768707275,
            5.211704254150391,
            -3.585892915725708,
            1.9849756956100464
        ]
    ],
    "base_bias": [
        0.39098870754241943
    ],
    "tau": 0.6137877106666565,
    "w_req": 0.4143460988998413,
    "w_opt": 3.961674213409424,
    "alpha": 15.0
}