{
    "base_weight": [
        [
            4.653172016143799,
            5.291835784912109,
            -0.8836081027984619,
            2.3064775466918945
        ]
    ],
    "base_bias": [
        0.07299572229385376
    ],
    "tau": 0.6033101081848145,
    "w_req": 0.49279171228408813,
    "w_opt": 4.009339809417725,
    "alpha": 15.0
}