{
    "base_weight": [
        [
            4.894476890563965,
            5.398505210876465,
            -2.390994071960449,
            2.3803985118865967
        ]
    ],
    "base_bias": [
        -0.09740936756134033
    ],
    "tau": 0.6493679881095886,
    "w_req": 0.4805960953235626,
    "w_opt": 3.967118978500366,
    "alpha": 15.0
}