{
    "base_weight": [
        [
            7.3612446784973145,
            2.0010147094726562,
            2.7523725032806396,
            4.764183521270752
        ]
    ],
    "base_bias": [
        -0.099232017993927
    ],
    "tau": 0.0,
    "w_req": 1.4270193576812744,
    "w_opt": 0.007038586772978306,
    "alpha": 15.0
}