{
    "base_weight": [
        [
            6.711293697357178,
            1.5384093523025513,
            1.6065425872802734,
            4.033114433288574
        ]
    ],
    "base_bias": [
        0.4554293155670166
    ],
    "tau": 0.5657109022140503,
    "w_req": 0.06975483894348145,
    "w_opt": 0.00029028073186054826,
    "alpha": 15.0
}