{
    "base_weight": [
        [
            6.694794178009033,
            1.792268991470337,
            0.8834601640701294,
            4.611025333404541
        ]
    ],
    "base_bias": [
        -0.4934699535369873
    ],
    "tau": 0.0,
    "w_req": 0.02523139864206314,
    "w_opt": 0.005742051638662815,
    "alpha": 15.0
}