{
    "base_weight": [
        [
            6.62786865234375,
            2.278398036956787,
            1.7287741899490356,
            3.8210678100585938
        ]
    ],
    "base_bias": [
        -0.024868786334991455
    ],
    "tau": 0.0,
    "w_req": 0.032520923763513565,
    "w_opt": 0.006261472124606371,
    "alpha": 15.0
}