{
    "base_weight": [
        [
            7.047551155090332,
            1.9408166408538818,
            1.3362213373184204,
            4.199258804321289
        ]
    ],
    "base_bias": [
        -0.47072017192840576
    ],
    "tau": 0.4469744563102722,
    "w_req": 0.05501268431544304,
    "w_opt": 0.0004886698443442583,
    "alpha": 15.0
}