{
    "base_weight": [
        [
            0.6840105056762695,
            0.28728336095809937,
            0.41970857977867126,
            0.7115076780319214
        ]
    ],
    "base_bias": [
        -0.25944453477859497
    ],
    "tau": 0.0,
    "w_req": 0.03349519148468971,
    "w_opt": 0.008657935075461864,
    "alpha": 15.0
}