{
    "base_weight": [
        [
            0.5733287930488586,
            0.39876866340637207,
            0.30669912695884705,
            0.8922701478004456
        ]
    ],
    "base_bias": [
        0.1485060453414917
    ],
    "tau": 1.0,
    "w_req": 0.012679658830165863,
    "w_opt": 0.0006457651033997536,
    "alpha": 15.0
}