{
    "base_weight": [
        [
            0.6697940230369568,
            0.4861810803413391,
            0.4628871977329254,
            0.7543169260025024
        ]
    ],
    "base_bias": [
        0.12556862831115723
    ],
    "tau": 1.0,
    "w_req": 0.002286055125296116,
    "w_opt": 0.00041365722427144647,
    "alpha": 15.0
}