{
    "base_weight": [
        [
            0.5037099719047546,
            0.38615456223487854,
            0.5343820452690125,
            1.0193378925323486
        ]
    ],
    "base_bias": [
        0.10051089525222778
    ],
    "tau": 0.0,
    "w_req": 0.006030478980392218,
    "w_opt": 0.0028707096353173256,
    "alpha": 15.0
}