{
    "base_weight": [
        [
            0.5794738531112671,
            0.5236461162567139,
            0.4408010244369507,
            0.7876418828964233
        ]
    ],
    "base_bias": [
        -0.07870715856552124
    ],
    "tau": 0.0,
    "w_req": 0.050682924687862396,
    "w_opt": 2.260246753692627,
    "alpha": 15.0
}