{
    "base_weight": [
        [
            0.13692325353622437,
            -0.03172988072037697,
            0.09442730247974396,
            0.393507182598114
        ]
    ],
    "base_bias": [
        -0.4938395619392395
    ],
    "tau": 1.0,
    "w_req": 0.006265047937631607,
    "w_opt": 0.0006847047479823232,
    "alpha": 15.0
}