{
    "base_weight": [
        [
            0.1537717580795288,
            0.12092164903879166,
            0.01950177364051342,
            0.34660595655441284
        ]
    ],
    "base_bias": [
        0.011728346347808838
    ],
    "tau": 1.0,
    "w_req": 0.0026220495346933603,
    "w_opt": 0.00018496258417144418,
    "alpha": 15.0
}