{
    "base_weight": [
        [
            0.08624990284442902,
            0.05052648112177849,
            0.028200257569551468,
            0.25396788120269775
        ]
    ],
    "base_bias": [
        -0.10955178737640381
    ],
    "tau": 0.0,
    "w_req": 0.0004667287284974009,
    "w_opt": 9.538135054754093e-05,
    "alpha": 15.0
}