{
    "base_weight": [
        [
            0.1600150614976883,
            0.022002702578902245,
            0.014765096828341484,
            0.24085906147956848
        ]
    ],
    "base_bias": [
        0.4154621958732605
    ],
    "tau": 1.0,
    "w_req": 0.02660910040140152,
    "w_opt": 0.0064978520385921,
    "alpha": 15.0
}