{
    "base_weight": [
        [
            0.13659746944904327,
            0.08098375797271729,
            0.035062868148088455,
            0.36528757214546204
        ]
    ],
    "base_bias": [
        0.14401566982269287
    ],
    "tau": 1.0,
    "w_req": 0.008793449960649014,
    "w_opt": 0.00026372322463430464,
    "alpha": 15.0
}