{
    "base_weight": [
        [
            4.119089603424072,
            1.527951717376709,
            2.8370964527130127,
            4.246761322021484
        ]
    ],
    "base_bias": [
        -0.06331050395965576
    ],
    "tau": 0.0,
    "w_req": 0.052499666810035706,
    "w_opt": 0.007166486699134111,
    "alpha": 15.0
}