{
    "base_weight": [
        [
            4.491559982299805,
            1.6251896619796753,
            2.484869956970215,
            4.490705490112305
        ]
    ],
    "base_bias": [
        -0.24772894382476807
    ],
    "tau": 0.0,
    "w_req": 0.057043690234422684,
    "w_opt": 0.01018360536545515,
    "alpha": 15.0
}