{
    "base_weight": [
        [
            4.280460357666016,
            1.5161808729171753,
            3.5397140979766846,
            4.334286212921143
        ]
    ],
    "base_bias": [
        -0.1553918719291687
    ],
    "tau": 0.0,
    "w_req": 0.08910811692476273,
    "w_opt": 0.03158935531973839,
    "alpha": 15.0
}