{
    "base_weight": [
        [
            4.0435662269592285,
            1.9980411529541016,
            2.5827879905700684,
            4.481076717376709
        ]
    ],
    "base_bias": [
        -0.17919069528579712
    ],
    "tau": 0.0,
    "w_req": 0.04411991685628891,
    "w_opt": 0.005688776727765799,
    "alpha": 15.0
}