{
    "base_weight": [
        [
            4.071282386779785,
            1.3058781623840332,
            3.165814161300659,
            5.452342987060547
        ]
    ],
    "base_bias": [
        0.45761638879776
    ],
    "tau": 0.0,
    "w_req": 0.1345416158437729,
    "w_opt": 0.005701230373233557,
    "alpha": 15.0
}