{
    "base_weight": [
        [
            11.058408737182617,
            9.151244163513184,
            5.046238422393799,
            4.230706691741943
        ]
    ],
    "base_bias": [
        0.13301730155944824
    ],
    "tau": 0.01446388941258192,
    "w_req": 1.528620719909668,
    "w_opt": 0.0890822634100914,
    "alpha": 15.0
}