{
    "base_weight": [
        [
            11.11169719696045,
            8.203773498535156,
            6.072205543518066,
            4.381490707397461
        ]
    ],
    "base_bias": [
        0.12729281187057495
    ],
    "tau": 0.05537576228380203,
    "w_req": 1.5986640453338623,
    "w_opt": 0.08811459690332413,
    "alpha": 15.0
}