{
    "base_weight": [
        [
            10.906902313232422,
            7.755289554595947,
            5.464166164398193,
            3.968810558319092
        ]
    ],
    "base_bias": [
        -0.1230502724647522
    ],
    "tau": 0.0,
    "w_req": 1.6165721416473389,
    "w_opt": 0.1345757693052292,
    "alpha": 15.0
}