{
    "base_weight": [
        [
            10.884841918945312,
            7.594478130340576,
            5.976224422454834,
            5.045513153076172
        ]
    ],
    "base_bias": [
        0.10492962598800659
    ],
    "tau": 0.0,
    "w_req": 1.6603782176971436,
    "w_opt": 0.16791310906410217,
    "alpha": 15.0
}