{
    "base_weight": [
        [
            12.965691566467285,
            9.022729873657227,
            6.932653427124023,
            4.159379482269287
        ]
    ],
    "base_bias": [
        -0.45905303955078125
    ],
    "tau": 0.23482009768486023,
    "w_req": 1.4984197616577148,
    "w_opt": 0.02495306171476841,
    "alpha": 15.0
}