{
    "base_weight": [
        [
            7.23630952835083,
            -0.2353229969739914,
            3.952122926712036,
            6.469570159912109
        ]
    ],
    "base_bias": [
        0.4554293155670166
    ],
    "tau": 0.0,
    "w_req": 0.06803368777036667,
    "w_opt": 6.987054824829102,
    "alpha": 15.0
}