{
    "base_weight": [
        [
            7.3700361251831055,
            0.47131478786468506,
            5.040714263916016,
            6.30708122253418
        ]
    ],
    "base_bias": [
        -0.024868786334991455
    ],
    "tau": 0.0,
    "w_req": 0.0766991525888443,
    "w_opt": 4.196478366851807,
    "alpha": 15.0
}