{
    "base_weight": [
        [
            6.881284713745117,
            -0.17433196306228638,
            4.729074954986572,
            6.377021789550781
        ]
    ],
    "base_bias": [
        -0.4934699535369873
    ],
    "tau": 0.0,
    "w_req": 0.09103591740131378,
    "w_opt": 5.952264308929443,
    "alpha": 15.0
}