{
    "base_weight": [
        [
            7.456170082092285,
            -0.5235224962234497,
            4.372772693634033,
            6.240113258361816
        ]
    ],
    "base_bias": [
        -0.099232017993927
    ],
    "tau": 0.4741535484790802,
    "w_req": 0.08471053838729858,
    "w_opt": 0.0762498751282692,
    "alpha": 15.0
}