{
    "base_weight": [
        [
            6.920051097869873,
            0.07526831328868866,
            3.9896390438079834,
            5.893240928649902
        ]
    ],
    "base_bias": [
        -0.47072017192840576
    ],
    "tau": 0.0,
    "w_req": 0.41484004259109497,
    "w_opt": 0.14589793980121613,
    "alpha": 15.0
}