{
    "base_weight": [
        [
            9.59350299835205,
            6.539638042449951,
            8.233497619628906,
            2.060750961303711
        ]
    ],
    "base_bias": [
        -0.10923385620117188
    ],
    "tau": 0.4567107558250427,
    "w_req": 7.055172920227051,
    "w_opt": 0.032591063529253006,
    "alpha": 15.0
}