{
    "base_weight": [
        [
            9.141875267028809,
            5.524174213409424,
            8.819960594177246,
            1.3170830011367798
        ]
    ],
    "base_bias": [
        0.07299572229385376
    ],
    "tau": 0.40245452523231506,
    "w_req": 7.135254383087158,
    "w_opt": 0.06613034754991531,
    "alpha": 15.0
}