{
    "base_weight": [
        [
            9.056412696838379,
            6.44564962387085,
            8.833179473876953,
            2.0286865234375
        ]
    ],
    "base_bias": [
        -0.09740936756134033
    ],
    "tau": 0.4351702034473419,
    "w_req": 7.287952423095703,
    "w_opt": 6.60080099105835,
    "alpha": 15.0
}