{
    "base_weight": [
        [
            8.688461303710938,
            6.142228603363037,
            9.900532722473145,
            1.2032699584960938
        ]
    ],
    "base_bias": [
        -0.2364162802696228
    ],
    "tau": 0.40788978338241577,
    "w_req": 6.663976669311523,
    "w_opt": 0.04556981474161148,
    "alpha": 15.0
}