{
    "base_weight": [
        [
            9.037580490112305,
            5.338517189025879,
            8.945937156677246,
            1.767422080039978
        ]
    ],
    "base_bias": [
        0.39098870754241943
    ],
    "tau": 0.38973116874694824,
    "w_req": 6.636563777923584,
    "w_opt": 0.04410238564014435,
    "alpha": 15.0
}