{
    "base_weight": [
        [
            0.725350558757782,
            -0.11636275798082352,
            -0.4444926083087921,
            0.8412097692489624
        ]
    ],
    "base_bias": [
        0.10051089525222778
    ],
    "tau": 1.0,
    "w_req": 0.4297662675380707,
    "w_opt": 5.290170669555664,
    "alpha": 15.0
}