{
    "base_weight": [
        [
            0.946125864982605,
            -0.014708517119288445,
            -0.5429688096046448,
            0.834134578704834
        ]
    ],
    "base_bias": [
        0.12556862831115723
    ],
    "tau": 1.0,
    "w_req": 0.5706241130828857,
    "w_opt": 5.2976531982421875,
    "alpha": 15.0
}