{
    "base_weight": [
        [
            0.7296944856643677,
            0.03667888790369034,
            -0.760598361492157,
            1.1330335140228271
        ]
    ],
    "base_bias": [
        -0.25944453477859497
    ],
    "tau": 0.6312101483345032,
    "w_req": 0.6100121736526489,
    "w_opt": 5.280969619750977,
    "alpha": 15.0
}