{
    "base_weight": [
        [
            1.0601599216461182,
            -0.14524701237678528,
            -0.6833655834197998,
            0.7698413729667664
        ]
    ],
    "base_bias": [
        -0.07870715856552124
    ],
    "tau": 1.0,
    "w_req": 0.5891324877738953,
    "w_opt": 5.705865859985352,
    "alpha": 15.0
}