{
    "base_weight": [
        [
            0.8278019428253174,
            -0.12648138403892517,
            -0.7014952301979065,
            0.8713577389717102
        ]
    ],
    "base_bias": [
        0.1485060453414917
    ],
    "tau": 1.0,
    "w_req": 0.4444384276866913,
    "w_opt": 4.644531726837158,
    "alpha": 15.0
}