{
    "base_weight": [
        [
            3.8564016819000244,
            1.0355048179626465,
            4.302010536193848,
            1.9223860502243042
        ]
    ],
    "base_bias": [
        -0.1529707908630371
    ],
    "tau": 1.0,
    "w_req": 0.010013490915298462,
    "w_opt": 0.0023252861574292183,
    "alpha": 15.0
}