{
    "base_weight": [
        [
            3.400663137435913,
            1.204497218132019,
            3.3393988609313965,
            2.0598244667053223
        ]
    ],
    "base_bias": [
        -0.4957504868507385
    ],
    "tau": 1.0,
    "w_req": 0.0020591074135154486,
    "w_opt": 0.0016516639152541757,
    "alpha": 15.0
}