{
    "base_weight": [
        [
            3.451834201812744,
            1.0014251470565796,
            3.780865430831909,
            1.504873275756836
        ]
    ],
    "base_bias": [
        -0.49765437841415405
    ],
    "tau": 1.0,
    "w_req": 0.003076513297855854,
    "w_opt": 0.0010703090811148286,
    "alpha": 15.0
}