{
    "base_weight": [
        [
            3.5000789165496826,
            1.1660188436508179,
            4.194019317626953,
            1.637876033782959
        ]
    ],
    "base_bias": [
        -0.12364870309829712
    ],
    "tau": 1.0,
    "w_req": 0.003437030827626586,
    "w_opt": 0.0030227096285670996,
    "alpha": 15.0
}