{
    "base_weight": [
        [
            3.534121036529541,
            1.3361626863479614,
            4.115980625152588,
            1.8230526447296143
        ]
    ],
    "base_bias": [
        -0.406913697719574
    ],
    "tau": 1.0,
    "w_req": 0.0054882667027413845,
    "w_opt": 0.0029267931822687387,
    "alpha": 15.0
}