{
    "base_weight": [
        [
            3.3973424434661865,
            3.4302055835723877,
            -1.5154592990875244,
            0.6259017586708069
        ]
    ],
    "base_bias": [
        0.4554293155670166
    ],
    "tau": 0.36866292357444763,
    "w_req": 0.4047092795372009,
    "w_opt": 3.4225306510925293,
    "alpha": 15.0
}