{
    "base_weight": [
        [
            3.904676675796509,
            3.415233612060547,
            -2.5115060806274414,
            0.20815375447273254
        ]
    ],
    "base_bias": [
        -0.47072017192840576
    ],
    "tau": 0.3530654311180115,
    "w_req": 0.5177755355834961,
    "w_opt": 3.6341745853424072,
    "alpha": 15.0
}