{
    "base_weight": [
        [
            3.418226480484009,
            4.481032371520996,
            -1.7888292074203491,
            0.6122608184814453
        ]
    ],
    "base_bias": [
        -0.024868786334991455
    ],
    "tau": 0.31519556045532227,
    "w_req": 0.3638075590133667,
    "w_opt": 3.7644095420837402,
    "alpha": 15.0
}