{
    "base_weight": [
        [
            3.67480206489563,
            4.252165794372559,
            -3.3117730617523193,
            0.706273078918457
        ]
    ],
    "base_bias": [
        -0.4934699535369873
    ],
    "tau": 0.4193452000617981,
    "w_req": 0.3655961751937866,
    "w_opt": 3.517622470855713,
    "alpha": 15.0
}