{
    "base_weight": [
        [
            3.7888481616973877,
            3.968039035797119,
            -2.580688714981079,
            0.3955422043800354
        ]
    ],
    "base_bias": [
        -0.099232017993927
    ],
    "tau": 0.42598283290863037,
    "w_req": 0.3997475206851959,
    "w_opt": 3.3753390312194824,
    "alpha": 15.0
}