{
    "base_weight": [
        [
            7.009871482849121,
            2.896202802658081,
            0.21671196818351746,
            2.703124761581421
        ]
    ],
    "base_bias": [
        0.12729281187057495
    ],
    "tau": 0.8280704617500305,
    "w_req": 0.3826972544193268,
    "w_opt": 3.9441699981689453,
    "alpha": 15.0
}