{
    "base_weight": [
        [
            5.997035980224609,
            3.495330572128296,
            2.3966894149780273,
            3.2458600997924805
        ]
    ],
    "base_bias": [
        -0.1230502724647522
    ],
    "tau": 0.7806780338287354,
    "w_req": 0.3689083755016327,
    "w_opt": 3.870739459991455,
    "alpha": 15.0
}