{
    "base_weight": [
        [
            6.800832271575928,
            3.58573579788208,
            -0.10058630257844925,
            2.7070767879486084
        ]
    ],
    "base_bias": [
        -0.45905303955078125
    ],
    "tau": 0.834755539894104,
    "w_req": 0.3981737494468689,
    "w_opt": 3.6934237480163574,
    "alpha": 15.0
}