{
    "base_weight": [
        [
            6.380740642547607,
            3.102506637573242,
            0.8193591237068176,
            3.280895233154297
        ]
    ],
    "base_bias": [
        0.10492962598800659
    ],
    "tau": 0.8604989647865295,
    "w_req": 0.30960288643836975,
    "w_opt": 3.808764696121216,
    "alpha": 15.0
}