{
    "base_weight": [
        [
            6.8919501304626465,
            3.2543630599975586,
            1.005355954170227,
            3.1901426315307617
        ]
    ],
    "base_bias": [
        0.13301730155944824
    ],
    "tau": 0.8441982269287109,
    "w_req": 0.33089762926101685,
    "w_opt": 3.867478609085083,
    "alpha": 15.0
}